{
  "project_info": {
    "project_number": "701588063269",
    "firebase_url": "https://rwa-trivia-dev-e57fc.firebaseio.com",
    "project_id": "rwa-trivia-dev-e57fc",
    "storage_bucket": "rwa-trivia-dev-e57fc.appspot.com"
  },
  "client": [
    {
      "client_info": {
        "mobilesdk_app_id": "1:701588063269:android:be4fc42dbc283be7",
        "android_client_info": {
          "package_name": "com.bitwiser.trivia.dev"
        }
      },
      "oauth_client": [
        {
          "client_id": "701588063269-5adgnkimap934udgmuh94hpnlp5ta070.apps.googleusercontent.com",
          "client_type": 1,
          "android_info": {
            "package_name": "com.bitwiser.trivia.dev",
            "certificate_hash": "a4670ee30bd3be47b9e3b9c90cdf2d9958a57b7e"
          }
        },
        {
          "client_id": "701588063269-ivu60g84roqpflkdssn1pq0s9qoc9cs7.apps.googleusercontent.com",
          "client_type": 1,
          "android_info": {
            "package_name": "com.bitwiser.trivia.dev",
            "certificate_hash": "242b67274d94ebacfb81197875b33d58cf207583"
          }
        },
        {
          "client_id": "701588063269-pr6mmhual0r99ubn79skturtbev335bd.apps.googleusercontent.com",
          "client_type": 1,
          "android_info": {
            "package_name": "com.bitwiser.trivia.dev",
            "certificate_hash": "243ff572bae034f604023b6754c510493832f910"
          }
        },
        {
          "client_id": "701588063269-ca1hk69libc1pitfodtcldvvigvsu7df.apps.googleusercontent.com",
          "client_type": 1,
          "android_info": {
            "package_name": "com.bitwiser.trivia.dev",
            "certificate_hash": "c3d5d2d323edcbe4e0476d937cf23b85873f0bcf"
          }
        },
        {
          "client_id": "701588063269-mbsga0baongr0s1libf77c6qh43ch0pk.apps.googleusercontent.com",
          "client_type": 3
        }
      ],
      "api_key": [
        {
          "current_key": "AIzaSyAWq_VUyhWQr73n8x1lnUYjZGun6fL4aEQ"
        }
      ],
      "services": {
        "analytics_service": {
          "status": 1
        },
        "appinvite_service": {
          "status": 2,
          "other_platform_oauth_client": [
            {
              "client_id": "701588063269-mbsga0baongr0s1libf77c6qh43ch0pk.apps.googleusercontent.com",
              "client_type": 3
            },
            {
              "client_id": "701588063269-dor381go31bk90elf47kfbub5nq8v8pd.apps.googleusercontent.com",
              "client_type": 2,
              "ios_info": {
                "bundle_id": "io.bitwiser.trivia.dev"
              }
            }
          ]
        },
        "ads_service": {
          "status": 2
        }
      }
    },
    {
      "client_info": {
        "mobilesdk_app_id": "1:701588063269:android:f852e63cad494f5f",
        "android_client_info": {
          "package_name": "io.bitwiser.trivia.dev"
        }
      },
      "oauth_client": [
        {
          "client_id": "701588063269-vf2q8ugkra3esbubo9fidjj65to0u8a9.apps.googleusercontent.com",
          "client_type": 1,
          "android_info": {
            "package_name": "io.bitwiser.trivia.dev",
            "certificate_hash": "e516ee50de3b910b39582c0eac82f4f9419acaf8"
          }
        },
        {
          "client_id": "701588063269-vv7nd46mifda0d22tcuc9pb9mk272sho.apps.googleusercontent.com",
          "client_type": 1,
          "android_info": {
            "package_name": "io.bitwiser.trivia.dev",
            "certificate_hash": "667eecf6a00817899604907a77e97e0119691520"
          }
        },
        {
          "client_id": "701588063269-29ef2u9a0ts4fgoq9puskbfgkf5ue7m6.apps.googleusercontent.com",
          "client_type": 1,
          "android_info": {
            "package_name": "io.bitwiser.trivia.dev",
            "certificate_hash": "c81dbd8f77929fbbf7b3f3a254850947e56a2acc"
          }
        },
        {
          "client_id": "701588063269-pin3o1hqt9lk5pd6sac8ghaoaego27p3.apps.googleusercontent.com",
          "client_type": 1,
          "android_info": {
            "package_name": "io.bitwiser.trivia.dev",
            "certificate_hash": "ee0906e1527dc87c442f4f07ef560f2b9dffbf9f"
          }
        },
        {
          "client_id": "701588063269-jede4c705lj321k3jb7c3kshr2vb1s9v.apps.googleusercontent.com",
          "client_type": 1,
          "android_info": {
            "package_name": "io.bitwiser.trivia.dev",
            "certificate_hash": "627191e1bf6d6560732497e6541db23079857e61"
          }
        },
        {
          "client_id": "701588063269-mbsga0baongr0s1libf77c6qh43ch0pk.apps.googleusercontent.com",
          "client_type": 3
        }
      ],
      "api_key": [
        {
          "current_key": "AIzaSyAWq_VUyhWQr73n8x1lnUYjZGun6fL4aEQ"
        }
      ],
      "services": {
        "analytics_service": {
          "status": 1
        },
        "appinvite_service": {
          "status": 2,
          "other_platform_oauth_client": [
            {
              "client_id": "701588063269-mbsga0baongr0s1libf77c6qh43ch0pk.apps.googleusercontent.com",
              "client_type": 3
            },
            {
              "client_id": "701588063269-dor381go31bk90elf47kfbub5nq8v8pd.apps.googleusercontent.com",
              "client_type": 2,
              "ios_info": {
                "bundle_id": "io.bitwiser.trivia.dev"
              }
            }
          ]
        },
        "ads_service": {
          "status": 2
        }
      }
    }
  ],
  "configuration_version": "1"
}